year,rain,temp,humidity
2012,715.95,6,15.1275
2013,644.73,3.72,14.4325
2014,547.62,4.91,14.15166667
2015,565.68,3.37,14.44083333
2016,884.97,7.93,14.74666667
2017,573.53,6.97,12.8925
2018,718.66,5.77,14.18083333
2019,488.57,3.48,13.46416667
2020,858.27,4.99,16.12916667
2021,983.45,5.5,16.46083333
